-- MySQL dump 10.13  Distrib 5.5.35, for debian-linux-gnu (x86_64)
--
-- Host: localhost    Database: retodb
-- ------------------------------------------------------
-- Server version	5.5.35-0ubuntu0.12.04.2

/*!40101 SET @OLD_CHARACTER_SET_CLIENT=@@CHARACTER_SET_CLIENT */;
/*!40101 SET @OLD_CHARACTER_SET_RESULTS=@@CHARACTER_SET_RESULTS */;
/*!40101 SET @OLD_COLLATION_CONNECTION=@@COLLATION_CONNECTION */;
/*!40101 SET NAMES utf8 */;
/*!40103 SET @OLD_TIME_ZONE=@@TIME_ZONE */;
/*!40103 SET TIME_ZONE='+00:00' */;
/*!40014 SET @OLD_UNIQUE_CHECKS=@@UNIQUE_CHECKS, UNIQUE_CHECKS=0 */;
/*!40014 SET @OLD_FOREIGN_KEY_CHECKS=@@FOREIGN_KEY_CHECKS, FOREIGN_KEY_CHECKS=0 */;
/*!40101 SET @OLD_SQL_MODE=@@SQL_MODE, SQL_MODE='NO_AUTO_VALUE_ON_ZERO' */;
/*!40111 SET @OLD_SQL_NOTES=@@SQL_NOTES, SQL_NOTES=0 */;

--
-- Table structure for table `alternativas`
--

DROP TABLE IF EXISTS `alternativas`;
/*!40101 SET @saved_cs_client     = @@character_set_client */;
/*!40101 SET character_set_client = utf8 */;
CREATE TABLE `alternativas` (
  `id` int(11) NOT NULL AUTO_INCREMENT,
  `pregunta_id` int(11) NOT NULL,
  `opcion` enum('A','B','C','D') NOT NULL,
  `texto` text NOT NULL,
  PRIMARY KEY (`id`),
  KEY `fk_alternativas_preguntas1_idx` (`pregunta_id`),
  CONSTRAINT `fk_alternativas_preguntas1` FOREIGN KEY (`pregunta_id`) REFERENCES `preguntas` (`id`) ON DELETE CASCADE ON UPDATE CASCADE
) ENGINE=InnoDB AUTO_INCREMENT=6489 DEFAULT CHARSET=utf8;
/*!40101 SET character_set_client = @saved_cs_client */;

--
-- Dumping data for table `alternativas`
--

LOCK TABLES `alternativas` WRITE;
/*!40000 ALTER TABLE `alternativas` DISABLE KEYS */;
INSERT INTO `alternativas` VALUES (5753,1569,'A','24 de Julio'),(5754,1569,'B','12 de Octubre'),(5755,1569,'C','24 de Junio'),(5756,1569,'D','17 de Diciembre'),(5757,1570,'A','Fiesta de la Virgen de la Candelaria'),(5758,1570,'B','Fiesta de la Virgen Inmaculada'),(5759,1570,'C','Fiesta de la Virgen de la ChiquinquirÃ¡'),(5760,1570,'D','Fiesta de la Virgen del Carmen'),(5761,1571,'A','Vargas'),(5762,1571,'B','Nueva Esparta'),(5763,1571,'C','MÃ©rida'),(5764,1571,'D','Trujillo'),(5765,1572,'A','MÃ©rida - TÃ¡chira'),(5766,1572,'B','AnzoÃ¡tegui - Sucre'),(5767,1572,'C','Zulia - Trujillo'),(5768,1572,'D','Amazonas - BolÃ­var'),(5769,1573,'A','La Rosa, el TucÃ¡n y el Roble '),(5770,1573,'B','Â  La OrquÃ­dea, el Chiguire y el Chaguaramo'),(5771,1573,'C',' El Ave de paraÃ­so, el Turpial y el Araguaney'),(5772,1573,'D','La OrquÃ­dea, el Turpial y el Araguaney'),(5773,1574,'A','Informe de GestiÃ³n'),(5774,1574,'B','Informe Preliminar'),(5775,1574,'C','Informe DiagnÃ³stico'),(5776,1574,'D','Informe Definitivo'),(5777,1575,'A','25 municipios'),(5778,1575,'B','23 municipios'),(5779,1575,'C','20 municipios'),(5780,1575,'D','22 municipios'),(5781,1576,'A','La elecciÃ³n por medio del voto secreto'),(5782,1576,'B','Por Alto Rendimiento'),(5783,1576,'C','Lo escoge la ContralorÃ­a  del estado'),(5784,1576,'D','Lo elige el (la) Director (a) del Plantel'),(5785,1577,'A','Plaza BolÃ­var de MÃ©rida'),(5786,1577,'B','Plaza BolÃ­var de Ejido'),(5787,1577,'C','Plaza BolÃ­var de MucuchÃ­es'),(5788,1577,'D','Plaza BolÃ­var de Santos Marquina'),(5789,1578,'A','1800'),(5790,1578,'B','1813'),(5791,1578,'C','1815'),(5792,1578,'D','1819'),(5793,1579,'A','MÃ©rida'),(5794,1579,'B','Maracaibo'),(5795,1579,'C','Caracas'),(5796,1579,'D','Barquisimeto'),(5797,1580,'A','Antonio JosÃ© de Sucre'),(5798,1580,'B','AndrÃ©s Bello'),(5799,1580,'C','JosÃ© Felix Rivas'),(5800,1580,'D','JosÃ© Gervasio Artigas'),(5801,1581,'A','Caracciolo Parra y Olmedo'),(5802,1581,'B','Rangel'),(5803,1581,'C','Obispo Ramos de Lora'),(5804,1581,'D','Miranda'),(5805,1582,'A','Africano'),(5806,1582,'B','Americano'),(5807,1582,'C','AsiÃ¡tico'),(5808,1582,'D','Europeo'),(5809,1583,'A','Estar cursando 1ro, 2do y 3er grado'),(5810,1583,'B','Ser Extranjero'),(5811,1583,'C','Ser Mayor de 18 aÃ±os'),(5812,1583,'D','Cursar estudios a partir de 4to Grado en la InstituciÃ³n Educativa donde se ejecuta el Programa'),(5813,1584,'A','Esclavos'),(5814,1584,'B','Militares'),(5815,1584,'C','Encomendados'),(5816,1584,'D','DueÃ±os de las Tierras'),(5817,1585,'A','FalcÃ³n'),(5818,1585,'B','Nueva Esparta'),(5819,1585,'C','Sucre'),(5820,1585,'D','TÃ¡chira'),(5821,1586,'A','Legislativo, Judicial, Moral'),(5822,1586,'B','Legislativo, Electoral, Ejecutivo'),(5823,1586,'C','Ejecutivo, PÃºblico, Judicial'),(5824,1586,'D','Legislativo, Ejecutivo, Judicial'),(5825,1587,'A','9'),(5826,1587,'B','11'),(5827,1587,'C','7'),(5828,1587,'D','3'),(5829,1588,'A','La Flauta'),(5830,1588,'B','El Piano'),(5831,1588,'C','La Charrasca'),(5832,1588,'D','El ViolÃ­n'),(5833,1589,'A','Barinas'),(5834,1589,'B','Trujillo'),(5835,1589,'C','Apure'),(5836,1589,'D','Zulia'),(5837,1590,'A','Industria'),(5838,1590,'B','Pueblos'),(5839,1590,'C','Edificios'),(5840,1590,'D','VegetaciÃ³n'),(5841,1591,'A','1810'),(5842,1591,'B','1836'),(5843,1591,'C','1811'),(5844,1591,'D','1492'),(5845,1592,'A','Obreros'),(5846,1592,'B','Directores'),(5847,1592,'C','Estudiantes'),(5848,1592,'D','Administrativos'),(5849,1593,'A','FalcÃ³n, Lara, Yaracuy y Portuguesa'),(5850,1593,'B','Caracas, Carabobo, Aragua, Yaracuy'),(5851,1593,'C','Aragua, Carabobo y Cojedes'),(5852,1593,'D','Cojedes, Carabobo, Lara, Yaracuy'),(5853,1594,'A','En 1492'),(5854,1594,'B','En 1502'),(5855,1594,'C','En 1498'),(5856,1594,'D','En 1493'),(5857,1595,'A','El debate participativo'),(5858,1595,'B','Actuar con imparcialidad y objetividad'),(5859,1595,'C','Responsabilidad'),(5860,1595,'D','Entrega de las tareas asignadas'),(5861,1596,'A','24 de Junio'),(5862,1596,'B','19 de Abril'),(5863,1596,'C','12 de Octubre'),(5864,1596,'D','16 de Agosto'),(5865,1597,'A','Colombia'),(5866,1597,'B','Brasil'),(5867,1597,'C','Ecuador '),(5868,1597,'D','PerÃº'),(5869,1598,'A','Honestidad'),(5870,1598,'B','Compromiso'),(5871,1598,'C','Indisciplina'),(5872,1598,'D','VocaciÃ³n de Servicio'),(5873,1599,'A','La Paradura del NiÃ±o'),(5874,1599,'B','La Quema de Judas'),(5875,1599,'C','La PasiÃ³n Viviente'),(5876,1599,'D','Danza de los Negros de San JerÃ³nimo'),(5877,1600,'A','AnzoÃ¡tegui '),(5878,1600,'B','MÃ©rida'),(5879,1600,'C','Lara'),(5880,1600,'D','Zulia'),(5881,1601,'A','Blanco-Negro'),(5882,1601,'B','Blanco-Indio'),(5883,1601,'C','Indio-Negro'),(5884,1601,'D','Negro-Negro'),(5885,1602,'A','El (la) Director (a)'),(5886,1602,'B','El Contralor del estado'),(5887,1602,'C','Los Obreros'),(5888,1602,'D','Los Docentes de cada aula, el (la) Director (a) y un representante de la ContralorÃ­a del estado MÃ©rida'),(5889,1603,'A','7'),(5890,1603,'B','8'),(5891,1603,'C','6'),(5892,1603,'D','9'),(5893,1604,'A','Alexis RamÃ­rez'),(5894,1604,'B','Juan Luis SuÃ¡rez'),(5895,1604,'C','Javier Esteva'),(5896,1604,'D','JosÃ© Gregorio Ruiz'),(5897,1605,'A','24 de Julio'),(5898,1605,'B','12 de Octubre'),(5899,1605,'C','03 de Agosto'),(5900,1605,'D','17 de Diceimbre'),(5901,1606,'A','Salto Roraima'),(5902,1606,'B','Salto Ãngel'),(5903,1606,'C','Salto ParÃ¡'),(5904,1606,'D','Salto Yutaje'),(5905,1607,'A','4to, 5to y 6to Grado'),(5906,1607,'B','1ero, 2do y 3er Grado'),(5907,1607,'C','Preescolar'),(5908,1607,'D','7mo, 8vo y 9no Grado'),(5909,1608,'A','El Agua'),(5910,1608,'B','La Flora'),(5911,1608,'C','El Suelo'),(5912,1608,'D','El PetrÃ³leo'),(5913,1609,'A','2006'),(5914,1609,'B','2000'),(5915,1609,'C','2008'),(5916,1609,'D','2002'),(5917,1610,'A','Ser postulado o postulada por sus compaÃ±eros de aula'),(5918,1610,'B','Ser cursante de 2do Grado'),(5919,1610,'C','Ser un niÃ±o (a) Participativo (a), responsable, honesto (a), creativo (a) y crÃ­tico (a)'),(5920,1610,'D','Tener Alto Rendimiento'),(5921,1611,'A','4'),(5922,1611,'B','8'),(5923,1611,'C','10'),(5924,1611,'D','5'),(5925,1612,'A','De orilla'),(5926,1612,'B','Puro'),(5927,1612,'C','Peninsular'),(5928,1612,'D','Criollo'),(5929,1613,'A','Lara'),(5930,1613,'B','FalcÃ³n'),(5931,1613,'C','MÃ©rida'),(5932,1613,'D','Zulia'),(5933,1614,'A','Timotes'),(5934,1614,'B','Chachopo'),(5935,1614,'C','San Rafael de MucuchÃ­es'),(5936,1614,'D','San Rafael de Tabay'),(5937,1615,'A','El Arzobispado'),(5938,1615,'B','La CapitanÃ­a General'),(5939,1615,'C','El Cabildo'),(5940,1615,'D','Las Gobernaciones'),(5941,1616,'A','Cardenal Quintero'),(5942,1616,'B','Obispo Ramos'),(5943,1616,'C','Alberto Adriani'),(5944,1616,'D','Santa MarÃ­a de Caparo'),(5945,1617,'A','Sucre'),(5946,1617,'B','Vargas'),(5947,1617,'C','Zulia'),(5948,1617,'D','TÃ¡chira'),(5949,1618,'A','Monagas'),(5950,1618,'B','Delta Amacuro'),(5951,1618,'C','Nueva Esparta'),(5952,1618,'D','Amazonas'),(5953,1619,'A','4'),(5954,1619,'B','5'),(5955,1619,'C','6'),(5956,1619,'D','1'),(5957,1620,'A','Tulio Febres Cordero'),(5958,1620,'B','Mariano Rangel'),(5959,1620,'C','Juan FÃ©lix SÃ¡nchez'),(5960,1620,'D','Gonzalo PicÃ³n Febres'),(5961,1621,'A','2010'),(5962,1621,'B','1960'),(5963,1621,'C','1900'),(5964,1621,'D','2002'),(5965,1622,'A','Sucre'),(5966,1622,'B','Vargas'),(5967,1622,'C','Amazonas'),(5968,1622,'D','MÃ©rida'),(5969,1623,'A','Cundinamarca (Colombia), Venezuela, Quito (Ecuador)'),(5970,1623,'B','Cundinamarca (Colombia), PerÃº, Venezuela, '),(5971,1623,'C','Bolivia, Cundinamarca (Colombia), Venezuela'),(5972,1623,'D','Venezuela, Quito (Ecuador), Bolivia'),(5973,1624,'A','Verde, Blanco, Azul, Rojo'),(5974,1624,'B','Negra, Verde, Amarilla, Roja'),(5975,1624,'C','Azul, MarrÃ³n, Rojo, Naranja'),(5976,1624,'D','Amarillo, Blanco, Rosado, Morado'),(5977,1625,'A','856.445 km2'),(5978,1625,'B','1.916.445 km2'),(5979,1625,'C','916.445 km2'),(5980,1625,'D','564.789 km2'),(5981,1626,'A','Juan RodrÃ­guez SuÃ¡rez'),(5982,1626,'B','JosÃ© Rafael Febres Cordero'),(5983,1626,'C','Juan FÃ©lix SÃ¡nchez'),(5984,1626,'D','Tulio Febres Cordero'),(5985,1627,'A','Pico Humboldt'),(5986,1627,'B','Pico LeÃ³n'),(5987,1627,'C','Pico BolÃ­var'),(5988,1627,'D','Pico Pan de AzÃºcar'),(5989,1628,'A','UCV'),(5990,1628,'B','UBV'),(5991,1628,'C','ULA'),(5992,1628,'D','UCLA'),(5993,1629,'A','25 de mayo de 1881'),(5994,1629,'B','09 de julio de 1811'),(5995,1629,'C','12 de marzo de 1806'),(5996,1629,'D','24 de junio de 1836'),(5997,1630,'A','19 de abril'),(5998,1630,'B','5 de julio'),(5999,1630,'C','17 de diciembre'),(6000,1630,'D','24 de julio'),(6001,1631,'A','BolÃ­var'),(6002,1631,'B','Zulia'),(6003,1631,'C','Amazonas'),(6004,1631,'D','AnzoÃ¡tegui'),(6005,1632,'A','Caribay'),(6006,1632,'B','CarÃº'),(6007,1632,'C','Tibisay'),(6008,1632,'D','MistajÃ¡'),(6009,1633,'A','Ejido '),(6010,1633,'B','Timotes'),(6011,1633,'C','MÃ©rida'),(6012,1633,'D','MucuchÃ­es'),(6013,1634,'A','Francisco de Miranda'),(6014,1634,'B','Antonio JosÃ© de Sucre'),(6015,1634,'C','SimÃ³n BolÃ­var'),(6016,1634,'D','SimÃ³n RodrÃ­guez'),(6017,1635,'A','23'),(6018,1635,'B','24'),(6019,1635,'C','19'),(6020,1635,'D','20'),(6021,1636,'A','03 de abril de 1811'),(6022,1636,'B','02 de marzo de 1811'),(6023,1636,'C','12 de marzo de 1813'),(6024,1636,'D','05 de julio de 1811'),(6025,1637,'A','Libertador'),(6026,1637,'B','Campo ElÃ­as'),(6027,1637,'C','Alberto Adriani'),(6028,1637,'D','Cardenal Quintero'),(6029,1638,'A','10 aÃ±os'),(6030,1638,'B','1000 aÃ±os'),(6031,1638,'C','5 aÃ±os'),(6032,1638,'D','100 aÃ±os'),(6033,1639,'A','Apartaderos'),(6034,1639,'B','Ejido'),(6035,1639,'C','VigÃ­a'),(6036,1639,'D','Bailadores'),(6037,1640,'A','La Real Audiencia'),(6038,1640,'B','El Real Consulado'),(6039,1640,'C','La Real Hacienda'),(6040,1640,'D','El Arzobispado'),(6041,1641,'A','AndrÃ©s Bello'),(6042,1641,'B','Campo ElÃ­as'),(6043,1641,'C','Sucre'),(6044,1641,'D','Libertador'),(6045,1642,'A','JosÃ© FÃ©lix Rivas, Rafael Urdaneta'),(6046,1642,'B','Antonio JosÃ© de Sucre, Francisco de Miranda'),(6047,1642,'C','AndrÃ©s Bello, SimÃ³n RodrÃ­guez'),(6048,1642,'D','CristÃ³bal ColÃ³n, Manuel Piar'),(6049,1643,'A','El reggaeton'),(6050,1643,'B','La Salsa'),(6051,1643,'C','El Merengue'),(6052,1643,'D','El Vals'),(6053,1644,'A','1999'),(6054,1644,'B','1983'),(6055,1644,'C','1900'),(6056,1644,'D','2014'),(6057,1645,'A','TermÃ³metro'),(6058,1645,'B','Telescopio'),(6059,1645,'C','BrÃºjula'),(6060,1645,'D','Regla'),(6061,1646,'A','Cacao'),(6062,1646,'B','MaÃ­z'),(6063,1646,'C','CaÃ±a de AzÃºcar'),(6064,1646,'D','Tabaco'),(6065,1647,'A','DÃ­a de la Virgen MarÃ­a Auxiliadora'),(6066,1647,'B','DÃ­a de la Virgen de Guadalupe'),(6067,1647,'C','DÃ­a de la Virgen Inmaculada ConcepciÃ³n'),(6068,1647,'D','DÃ­a de la Virgen de Coromoto'),(6069,1648,'A','Colombianos'),(6070,1648,'B','Franceses'),(6071,1648,'C','EspaÃ±oles'),(6072,1648,'D','Ingleses'),(6073,1649,'A','DemografÃ­a'),(6074,1649,'B','Escala'),(6075,1649,'C','CartografÃ­a'),(6076,1649,'D','OrografÃ­a'),(6077,1650,'A','Nacimiento de SimÃ³n BolÃ­var'),(6078,1650,'B','DÃ­a de la Resistencia IndÃ­gena'),(6079,1650,'C','DÃ­a de la Bandera'),(6080,1650,'D','DÃ­a del Estudiante'),(6081,1651,'A','El Cacique Murachi y la India Tibisay'),(6082,1651,'B','ProfecÃ­a de Caribay'),(6083,1651,'C','Bola de Fuego'),(6084,1651,'D','Laguna de Urao'),(6085,1652,'A','04 de febrero de 1992'),(6086,1652,'B','27 de febrero de 1989'),(6087,1652,'C','11 de abril de 2002'),(6088,1652,'D','05 de marzo de 2013'),(6089,1653,'A','El Cunaguaro'),(6090,1653,'B','La Danta'),(6091,1653,'C','El Chiguire'),(6092,1653,'D','La Nutria'),(6093,1654,'A','La Oficina de ComunicaciÃ³n Corporativa'),(6094,1654,'B','Despacho del Contralor'),(6095,1654,'C','La Oficina de AtenciÃ³n al Ciudadano'),(6096,1654,'D','La DirecciÃ³n General'),(6097,1655,'A','TÃ¡chira'),(6098,1655,'B','MÃ©rida'),(6099,1655,'C','Trujillo'),(6100,1655,'D','Barinas'),(6101,1656,'A','Churuata'),(6102,1656,'B','Palafito'),(6103,1656,'C','Shabono'),(6104,1656,'D','Apartamento'),(6105,1657,'A','Coromoto'),(6106,1657,'B','La Candelaria'),(6107,1657,'C','La Inmaculada'),(6108,1657,'D','Las Mercedes'),(6109,1658,'A','Sucre'),(6110,1658,'B','Trujillo'),(6111,1658,'C','FalcÃ³n'),(6112,1658,'D','Portuguesa'),(6113,1659,'A','Los Profesores'),(6114,1659,'B','Sub Contralor (a)'),(6115,1659,'C','Los Colaboradores'),(6116,1659,'D','Contralor (a)'),(6117,1660,'A','El Negro Primero'),(6118,1660,'B','El Zambo'),(6119,1660,'C','El Guerrero'),(6120,1660,'D','El Cacique'),(6121,1661,'A','RÃ­o Apure'),(6122,1661,'B','RÃ­o Uracoa'),(6123,1661,'C','RÃ­o Guaire'),(6124,1661,'D','RÃ­o Orinoco'),(6125,1662,'A','Zulia - Distrito Capital'),(6126,1662,'B','MÃ©rida - TÃ¡chira'),(6127,1662,'C','MÃ©rida - Cojedes'),(6128,1662,'D','AnzoÃ¡tegui - FalcÃ³n'),(6129,1663,'A','Ciudad de las Nieves'),(6130,1663,'B','Ciudad de los Caballeros '),(6131,1663,'C','Ciudad de las Colinas'),(6132,1663,'D','Ciudad de las Damas'),(6133,1664,'A','FiscalizaciÃ³n'),(6134,1664,'B','ParticipaciÃ³n Ciudadana'),(6135,1664,'C','Programa Deportivo'),(6136,1664,'D','Ninguna de las anterioes'),(6137,1665,'A','2'),(6138,1665,'B','4'),(6139,1665,'C','7'),(6140,1665,'D','5'),(6141,1666,'A','Oriental'),(6142,1666,'B','Central'),(6143,1666,'C','Llanos'),(6144,1666,'D','Andina'),(6145,1667,'A','5'),(6146,1667,'B','9'),(6147,1667,'C','11'),(6148,1667,'D','12'),(6149,1668,'A','1872'),(6150,1668,'B','1816'),(6151,1668,'C','1900'),(6152,1668,'D','2000'),(6153,1669,'A','1'),(6154,1669,'B','3'),(6155,1669,'C','5'),(6156,1669,'D','Ninguno'),(6157,1670,'A','Parque Nacional Morrocoy'),(6158,1670,'B','Parque Nacional Sierra Nevada'),(6159,1670,'C','Parque Nacional Canaima'),(6160,1670,'D','Parque Nacional Henri Pittier'),(6161,1671,'A','Las Ferias del Sol'),(6162,1671,'B','Las Ferias de la Chinita'),(6163,1671,'C','Semana Santa'),(6164,1671,'D','Las Ferias de San SebastiÃ¡n'),(6165,1672,'A','CristÃ³bal ColÃ³n'),(6166,1672,'B','SimÃ³n RodrÃ­guez'),(6167,1672,'C','AndrÃ©s Bello'),(6168,1672,'D','Francisco de Miranda'),(6169,1673,'A','Cocinar'),(6170,1673,'B','Curar a los enfermos'),(6171,1673,'C','Cazar'),(6172,1673,'D','Ninguna de las anterioes'),(6173,1674,'A','3'),(6174,1674,'B','7'),(6175,1674,'C','5'),(6176,1674,'D','9'),(6177,1675,'A','Caracas'),(6178,1675,'B','Barquisimeto'),(6179,1675,'C','MÃ©rida'),(6180,1675,'D','Maracay'),(6181,1676,'A','Desierto'),(6182,1676,'B','Bosque'),(6183,1676,'C','Selva'),(6184,1676,'D','PÃ¡ramo'),(6185,1677,'A','SimÃ³n RodrÃ­guez y AndrÃ©s Bello'),(6186,1677,'B','Francisco de Miranda y SimÃ³n BolÃ­var'),(6187,1677,'C','Antonio JosÃ© de Sucre y CristÃ³bal ColÃ³n'),(6188,1677,'D','Vicente Salias y Juan JosÃ© Landaeta'),(6189,1678,'A','PiraÃ±a'),(6190,1678,'B','Trucha'),(6191,1678,'C','SalmÃ³n'),(6192,1678,'D','Bagre'),(6193,1679,'A','Distrito Capital'),(6194,1679,'B','BolÃ­var'),(6195,1679,'C','GuÃ¡rico'),(6196,1679,'D','AnzoÃ¡tegui'),(6197,1680,'A','Caracas'),(6198,1680,'B','MÃ©rida'),(6199,1680,'C','CumanÃ¡'),(6200,1680,'D','Maracay'),(6201,1681,'A','Brasil'),(6202,1681,'B','Colombia'),(6203,1681,'C','Ecuador '),(6204,1681,'D','Guyana'),(6205,1682,'A','Oro '),(6206,1682,'B','Hierro '),(6207,1682,'C','PetrÃ³leo'),(6208,1682,'D','PlÃ¡stico'),(6209,1683,'A','10.500 km2'),(6210,1683,'B','11.300 km2'),(6211,1683,'C','9.450 km2'),(6212,1683,'D','2.890 km2'),(6213,1684,'A','Comienzo'),(6214,1684,'B','Cauce'),(6215,1684,'C','Rumbo'),(6216,1684,'D','DesaguÃ«'),(6217,1685,'A','Zulia'),(6218,1685,'B','Barinas'),(6219,1685,'C','Apure'),(6220,1685,'D','FalcÃ³n'),(6221,1686,'A','La MisiÃ³n del Programa de ContralorÃ­a Escolar'),(6222,1686,'B','La VisiÃ³n del Programa de ContralorÃ­a Escolar'),(6223,1686,'C','El Objetivo General del Programa de ContralorÃ­a Escolar'),(6224,1686,'D','Las Etapas de ejecuciÃ³n del Programa de ContralorÃ­a Escolar'),(6225,1687,'A','2'),(6226,1687,'B','1'),(6227,1687,'C','9'),(6228,1687,'D','5'),(6229,1688,'A','El Discurso de Angostura'),(6230,1688,'B','La Carta de Jamaica'),(6231,1688,'C','El Manifiesto de Cartagena'),(6232,1688,'D','El manifiesto de CarÃºpano'),(6233,1689,'A','JosÃ© FÃ©lix Rivas '),(6234,1689,'B','Antonio JosÃ© de Sucre'),(6235,1689,'C','Rafael Urdaneta'),(6236,1689,'D','SimÃ³n RodrÃ­guez'),(6237,1690,'A','El 24 de Junio de 1821'),(6238,1690,'B','El 07 de agosto de 1819'),(6239,1690,'C','El 15 de febrero de 1819 '),(6240,1690,'D','El 09 de agosto de 1820'),(6241,1691,'A','Personal Directivo, Administrativo, Obrero, Padres y Representantes'),(6242,1691,'B','La ContralorÃ­a'),(6243,1691,'C','Los Colaboradores de la ContralorÃ­a Escolar'),(6244,1691,'D','Contralor (a) Escolar'),(6245,1692,'A','Cacique Aramaipuro'),(6246,1692,'B','Cacique Catia'),(6247,1692,'C','Cacique Guaicaipuro'),(6248,1692,'D','Cacique Tamanaco'),(6249,1693,'A','Calor'),(6250,1693,'B','Tornado'),(6251,1693,'C','Viento'),(6252,1693,'D','Humedad'),(6253,1694,'A','JardÃ­n BotÃ¡nico'),(6254,1694,'B','Los Aleros'),(6255,1694,'C','La MontaÃ±a de los SueÃ±os'),(6256,1694,'D','La Venezuela de Antier'),(6257,1695,'A','Coro'),(6258,1695,'B','CumanÃ¡'),(6259,1695,'C','San CristÃ³bal'),(6260,1695,'D','Caracas'),(6261,1696,'A','Fauna'),(6262,1696,'B','Flora'),(6263,1696,'C','Relieve'),(6264,1696,'D','VegetaciÃ³n'),(6265,1697,'A','Torta tres leches'),(6266,1697,'B','Arroz con Coco'),(6267,1697,'C','Dulces Abrillantados'),(6268,1697,'D','Bocadillos de Guayaba'),(6269,1698,'A','Vigilar el funcionamiento Ã³ptimo de los servicios bÃ¡sicos (luz, agua, aseo urbano, telÃ©fono, transporte, entre otros)'),(6270,1698,'B','Presentar un informe trimestral sobre las actividades realizadas, e irregularidades detectadas, de ser el caso'),(6271,1698,'C','Controlar, vigilar y fiscalizar la ejecuciÃ³n de obras, servicios y programas en la InstituciÃ³n Educativa; al igual que su Ã³ptimo funcionamiento y calidad'),(6272,1698,'D','Todas las anteriores'),(6273,1699,'A','Lara'),(6274,1699,'B','MÃ©rida'),(6275,1699,'C','Trujillo'),(6276,1699,'D','TÃ¡chira'),(6277,1700,'A','PabellÃ³n Criollo'),(6278,1700,'B','Pisca Andina'),(6279,1700,'C','Arroz con Pollo'),(6280,1700,'D','Pizza'),(6281,1701,'A','05 aÃ±os'),(6282,1701,'B','20 aÃ±os'),(6283,1701,'C','28 aÃ±os'),(6284,1701,'D','50 aÃ±os'),(6285,1702,'A','BolÃ­var'),(6286,1702,'B','MÃ©rida'),(6287,1702,'C','Apure'),(6288,1702,'D','Amazonas'),(6289,1703,'A','Nilo'),(6290,1703,'B','Orinoco'),(6291,1703,'C','Albarregas'),(6292,1703,'D','MotatÃ¡n'),(6293,1704,'A','1500'),(6294,1704,'B','1854'),(6295,1704,'C','1920'),(6296,1704,'D','2012'),(6297,1705,'A','Barinas, Yaracuy, AnzoÃ¡tegui'),(6298,1705,'B','MÃ©rida, FalcÃ³n, TÃ¡chira'),(6299,1705,'C','Barinas, TÃ¡chira, Amazonas'),(6300,1705,'D','Amazonas, Nueva Esparta, Vargas'),(6301,1706,'A','Apartaderos'),(6302,1706,'B','Bailadores'),(6303,1706,'C','Tovar'),(6304,1706,'D','CanaguÃ¡'),(6305,1707,'A','PÃ¡ramo, Bosques y Sierra Nevada'),(6306,1707,'B','Bosques, Selva y Sabana'),(6307,1707,'C','Selva, Matorrales y Bosques'),(6308,1707,'D','Tepuyana, XerÃ³filo y Selva'),(6309,1708,'A','La BasÃ­lica Menor Nuestra SeÃ±ora de la Inmaculada ConcepciÃ³n'),(6310,1708,'B','La Parroquia Nuestra SeÃ±ora de BelÃ©n '),(6311,1708,'C','La Parroquia Santiago de la Punta'),(6312,1708,'D','La Parroquia El Llano'),(6313,1709,'A','09 de octubre de 1558'),(6314,1709,'B','09 de noviembre de 1959'),(6315,1709,'C','09 de septiembre de 1956'),(6316,1709,'D','09 de agosto de 1600'),(6317,1710,'A','2012'),(6318,1710,'B','1799'),(6319,1710,'C','1900'),(6320,1710,'D','1700'),(6321,1711,'A','Bucare'),(6322,1711,'B','El Araguaney'),(6323,1711,'C','El Roble'),(6324,1711,'D','El Cedro'),(6325,1712,'A','Colombia'),(6326,1712,'B','Ecuador'),(6327,1712,'C','Brasil'),(6328,1712,'D','Guyana'),(6329,1713,'A','En el PÃ¡ramo, municipio Rangel del estado MÃ©rida'),(6330,1713,'B','En Ejido, municipio Campo ElÃ­as del estado MÃ©rida'),(6331,1713,'C','Sector La Parroquia, municipio Libertador del estado MÃ©rida'),(6332,1713,'D','En los Pueblos del sur'),(6333,1714,'A','01 de enero'),(6334,1714,'B','24 de diciembre'),(6335,1714,'C','15 de mayo'),(6336,1714,'D','24 de julio'),(6337,1715,'A','BolÃ­var'),(6338,1715,'B','Amazonas'),(6339,1715,'C','Zulia'),(6340,1715,'D','Carabobo'),(6341,1716,'A','Camisa, PantalÃ³n, Alpargatas, Ruana, Sombrero'),(6342,1716,'B','Camisa, PantalÃ³n, Sombrero, Zapatos'),(6343,1716,'C','Camisa, PantalÃ³n, Alpargatas, Chaqueta, Zapatos'),(6344,1716,'D','Sombrero, Franela, Mono, Botas'),(6345,1717,'A','Frabricar armas'),(6346,1717,'B','Recolectar frutos'),(6347,1717,'C','Cultivar la tierra'),(6348,1717,'D','Elaborar alimentos'),(6349,1718,'A','La Lechuza'),(6350,1718,'B','El TucÃ¡n'),(6351,1718,'C','El Capuchino'),(6352,1718,'D','El CÃ³ndor'),(6353,1719,'A','El Murwa'),(6354,1719,'B','El Pijiguao'),(6355,1719,'C','La Wajita'),(6356,1719,'D','La Paradura'),(6357,1720,'A','AnzoÃ¡tegui '),(6358,1720,'B','Monagas'),(6359,1720,'C','Miranda'),(6360,1720,'D','Portuguesa'),(6361,1721,'A','Caracas'),(6362,1721,'B','Coro '),(6363,1721,'C','MÃ©rida'),(6364,1721,'D','San CristÃ³bal'),(6365,1722,'A','Lagunillas'),(6366,1722,'B','ChiguarÃ¡'),(6367,1722,'C','Torondoy'),(6368,1722,'D','Ejido'),(6369,1723,'A','Rafael Caldera'),(6370,1723,'B','RaÃºl Leoni'),(6371,1723,'C','Luis Herrera Campins'),(6372,1723,'D','Carlos AndrÃ©s PÃ©rez'),(6373,1724,'A','La ganaderÃ­a'),(6374,1724,'B','La agricultura'),(6375,1724,'C','La ExtracciÃ³n y comercializaciÃ³n de perlas'),(6376,1724,'D','La compra de tierras'),(6377,1725,'A','Pisca Andina, Arepas de Harina de Trigo, Truchas'),(6378,1725,'B','Empanadas, Arepas de maÃ­z, Sancocho'),(6379,1725,'C','Fajitas, Cachapas, PabellÃ³n'),(6380,1725,'D','Hambuerguesa, Paella, Arroz con Pollo'),(6381,1726,'A','Cuenca de RÃ­o Orinoco'),(6382,1726,'B','Cuenca del Mar Caribe'),(6383,1726,'C','Cuenta del Lago de Valencia'),(6384,1726,'D','Cuenca del RÃ­o CuyunÃ­'),(6385,1727,'A','12 de marzo de 1806'),(6386,1727,'B','24 de marzo de 1806'),(6387,1727,'C','03 de agosto de 1806'),(6388,1727,'D','28 de octubre de 1806'),(6389,1728,'A','29 de diciembre'),(6390,1728,'B','29 de enero'),(6391,1728,'C','02 de febrero'),(6392,1728,'D','08 de enero'),(6393,1729,'A','Ratones'),(6394,1729,'B','Frutas'),(6395,1729,'C','Plantas'),(6396,1729,'D','Vegetales'),(6397,1730,'A','HeladerÃ­a Sierra Nevada'),(6398,1730,'B','HeladerÃ­a Mimos'),(6399,1730,'C','HeladerÃ­a Coromoto'),(6400,1730,'D','HeladerÃ­a Vivaldi'),(6401,1731,'A','Arzobispo ChacÃ³n'),(6402,1731,'B','Sucre'),(6403,1731,'C','Aricagua'),(6404,1731,'D','MÃ©rida'),(6405,1732,'A','Aruba, Curacao, Trinidad y Tobago'),(6406,1732,'B','Margarita, Los Monjes, Cubagua'),(6407,1732,'C','Coche, Margarita, Cubagua'),(6408,1732,'D','Los Roques, Los Monjes, Coche'),(6409,1733,'A','2'),(6410,1733,'B','4'),(6411,1733,'C','7'),(6412,1733,'D','3'),(6413,1734,'A','1812'),(6414,1734,'B','1814'),(6415,1734,'C','1816'),(6416,1734,'D','1828'),(6417,1735,'A','2'),(6418,1735,'B','4'),(6419,1735,'C','7'),(6420,1735,'D','3'),(6421,1736,'A','Nueva Esparta, Yaracuy y Amazonas'),(6422,1736,'B','Zulia, Monagas y AnzoÃ¡tegui'),(6423,1736,'C','MÃ©rida, TÃ¡chira y Trujillo'),(6424,1736,'D','Apure, Lara y Aragua'),(6425,1737,'A','Yaracuy'),(6426,1737,'B','Zulia'),(6427,1737,'C','Carabobo'),(6428,1737,'D','FalcÃ³n'),(6429,1738,'A','La MontaÃ±a'),(6430,1738,'B','Barinitas'),(6431,1738,'C','Pico Espejo'),(6432,1738,'D','Loma Redonda'),(6433,1739,'A','Quito (Ecuador)'),(6434,1739,'B','Santa Marta (Colombia)'),(6435,1739,'C','Caracas (Venezuela)'),(6436,1739,'D','La Paz (Bolivia)'),(6437,1740,'A','Oso Frontino'),(6438,1740,'B','Oso Pardo'),(6439,1740,'C','Oso Polar'),(6440,1740,'D','Oso Panda'),(6441,1741,'A','JosÃ© Antonio PÃ¡ez'),(6442,1741,'B','Hugo Rafael ChÃ¡vez FrÃ­as'),(6443,1741,'C','Carlos AndrÃ©s PÃ©rez'),(6444,1741,'D','RamÃ³n J. VelÃ¡zquez'),(6445,1742,'A','Arias CÃ¡rdenas'),(6446,1742,'B','Rafael Caldera'),(6447,1742,'C','RamÃ³n J. VelÃ¡zquez'),(6448,1742,'D','Hugo Rafael ChÃ¡vez'),(6449,1743,'A','SimÃ³n RodrÃ­guez '),(6450,1743,'B',' AndrÃ©s Bello'),(6451,1743,'C','Antonio JosÃ© de Sucre '),(6452,1743,'D','SimÃ³n BolÃ­var'),(6453,1744,'A','Rangel'),(6454,1744,'B','Chacao'),(6455,1744,'C','Santos Marquina'),(6456,1744,'D','Santa MarÃ­a de Caparo'),(6457,1745,'A','Parque Nacional Morrocoy'),(6458,1745,'B','Parque Nacional Sierra Nevada'),(6459,1745,'C','Parque Nacional MÃ©danos de Coro'),(6460,1745,'D','Parque Nacional Henri Pittier'),(6461,1746,'A','Carabobo'),(6462,1746,'B','Miranda'),(6463,1746,'C','Yaracuy'),(6464,1746,'D','FalcÃ³n'),(6465,1747,'A','Santa MarÃ­a'),(6466,1747,'B','El Campito'),(6467,1747,'C','Las Tapias'),(6468,1747,'D','Belenzate'),(6469,1748,'A','La Guacamaya'),(6470,1748,'B','El CÃ³ndor'),(6471,1748,'C','El TucÃ¡n'),(6472,1748,'D','El Turpial'),(6473,1749,'A','BolÃ­var'),(6474,1749,'B','Monagas'),(6475,1749,'C','AnzoÃ¡tegui'),(6476,1749,'D','Amazonas'),(6477,1750,'A','Circulo'),(6478,1750,'B','Estrella'),(6479,1750,'C','TriÃ¡ngulo'),(6480,1750,'D','Cuadrado'),(6481,1751,'A','MucuchÃ­es'),(6482,1751,'B','Zea'),(6483,1751,'C','La Azulita'),(6484,1751,'D','Tabay'),(6485,1752,'A','Humboldt'),(6486,1752,'B','Ãguila'),(6487,1752,'C','Espejo'),(6488,1752,'D','BolÃ­var');
/*!40000 ALTER TABLE `alternativas` ENABLE KEYS */;
UNLOCK TABLES;

--
-- Table structure for table `equipos`
--

DROP TABLE IF EXISTS `equipos`;
/*!40101 SET @saved_cs_client     = @@character_set_client */;
/*!40101 SET character_set_client = utf8 */;
CREATE TABLE `equipos` (
  `id` int(11) NOT NULL AUTO_INCREMENT,
  `nombre` varchar(400) NOT NULL,
  `participante_id` int(11) NOT NULL,
  `tiene_turno` tinyint(1) NOT NULL DEFAULT '0',
  `torneo_id` int(11) NOT NULL,
  `ronda_id` int(11) NOT NULL DEFAULT '1',
  `participando` tinyint(1) NOT NULL DEFAULT '0',
  `fase` varchar(1) NOT NULL DEFAULT '1',
  `clasificado` tinyint(1) NOT NULL DEFAULT '0',
  `campeon` tinyint(1) NOT NULL DEFAULT '0',
  `penalizacion` int(1) NOT NULL DEFAULT '0',
  PRIMARY KEY (`id`),
  KEY `fk_equipos_torneos_idx` (`torneo_id`),
  KEY `fk_equipos_rondas1_idx` (`ronda_id`),
  KEY `fk_equipos_participantes1_idx` (`participante_id`),
  CONSTRAINT `fk_equipos_participantes1` FOREIGN KEY (`participante_id`) REFERENCES `participantes` (`id`) ON DELETE CASCADE ON UPDATE CASCADE,
  CONSTRAINT `fk_equipos_rondas1` FOREIGN KEY (`ronda_id`) REFERENCES `rondas` (`id`) ON DELETE CASCADE ON UPDATE CASCADE,
  CONSTRAINT `fk_equipos_torneos` FOREIGN KEY (`torneo_id`) REFERENCES `torneos` (`id`) ON DELETE CASCADE ON UPDATE CASCADE
) ENGINE=InnoDB AUTO_INCREMENT=335 DEFAULT CHARSET=utf8;
/*!40101 SET character_set_client = @saved_cs_client */;

--
-- Dumping data for table `equipos`
--

LOCK TABLES `equipos` WRITE;
/*!40000 ALTER TABLE `equipos` DISABLE KEYS */;
/*!40000 ALTER TABLE `equipos` ENABLE KEYS */;
UNLOCK TABLES;

--
-- Table structure for table `participantes`
--

DROP TABLE IF EXISTS `participantes`;
/*!40101 SET @saved_cs_client     = @@character_set_client */;
/*!40101 SET character_set_client = utf8 */;
CREATE TABLE `participantes` (
  `id` int(11) NOT NULL AUTO_INCREMENT,
  `denominacion` text NOT NULL,
  `color` varchar(30) NOT NULL,
  `nombre_color` varchar(50) NOT NULL,
  `torneo_id` int(11) DEFAULT NULL,
  `icono` text NOT NULL,
  PRIMARY KEY (`id`),
  KEY `fk_participantes_torneos1_idx` (`torneo_id`),
  CONSTRAINT `fk_participantes_torneos1` FOREIGN KEY (`torneo_id`) REFERENCES `torneos` (`id`) ON DELETE SET NULL ON UPDATE SET NULL
) ENGINE=InnoDB AUTO_INCREMENT=10 DEFAULT CHARSET=utf8;
/*!40101 SET character_set_client = @saved_cs_client */;

--
-- Dumping data for table `participantes`
--

LOCK TABLES `participantes` WRITE;
/*!40000 ALTER TABLE `participantes` DISABLE KEYS */;
INSERT INTO `participantes` VALUES (1,'E.E. Bicentenario del Libertador','bg-black fg-white','Negro',60,'icono_negro.png'),(2,'E.E. FermÃ­n Toro','bg-brown fg-white','MarrÃ³n',60,'icono_marron.png'),(3,'E.E. Gran Mariscal de Ayacucho','bg-indigo fg-white','Morado',60,'icono_morado.png'),(4,'E.E. Josefa Molina de Duque','bg-red fg-white','Rojo',60,'icono_rojo.png'),(5,'E.E. Llano Seco','bg-blue fg-white','Azul',60,'icono_azul.png'),(6,'E.E. Puerto Nuevo','bg-green fg-white','Verde',60,'icono_verde.png'),(7,'E.E. Mesa de La Virgen','bg-white fg-black','Blanco',60,'icono_blanco.png'),(8,'E.E.B. Franciso Antonio Zerpa','bg-yellow fg-black','Amarillo',60,'icono_amarillo.png'),(9,'E.E.B. MisintÃ¡','bg-orange fg-black','Naranja',60,'icono_naranja.png');
/*!40000 ALTER TABLE `participantes` ENABLE KEYS */;
UNLOCK TABLES;

--
-- Table structure for table `preguntas`
--

DROP TABLE IF EXISTS `preguntas`;
/*!40101 SET @saved_cs_client     = @@character_set_client */;
/*!40101 SET character_set_client = utf8 */;
CREATE TABLE `preguntas` (
  `id` int(11) NOT NULL AUTO_INCREMENT,
  `torneo_id` int(11) NOT NULL,
  `ronda_id` int(11) NOT NULL DEFAULT '1',
  `pregunta` text NOT NULL,
  `respuesta` enum('A','B','C','D') NOT NULL,
  `bloqueada` tinyint(1) NOT NULL DEFAULT '0',
  PRIMARY KEY (`id`),
  KEY `fk_preguntas_torneos1_idx` (`torneo_id`),
  KEY `fk_preguntas_rondas1_idx` (`ronda_id`),
  CONSTRAINT `fk_preguntas_rondas1` FOREIGN KEY (`ronda_id`) REFERENCES `rondas` (`id`) ON DELETE CASCADE ON UPDATE CASCADE,
  CONSTRAINT `fk_preguntas_torneos1` FOREIGN KEY (`torneo_id`) REFERENCES `torneos` (`id`) ON DELETE CASCADE ON UPDATE CASCADE
) ENGINE=InnoDB AUTO_INCREMENT=1753 DEFAULT CHARSET=utf8;
/*!40101 SET character_set_client = @saved_cs_client */;

--
-- Dumping data for table `preguntas`
--

LOCK TABLES `preguntas` WRITE;
/*!40000 ALTER TABLE `preguntas` DISABLE KEYS */;
INSERT INTO `preguntas` VALUES (1569,60,1,'La Batalla de Carabobo se celebra el dÃ­a:','C',0),(1570,60,1,'Â¿QuÃ© se celebra el 02 de febrero?','A',0),(1571,60,2,'Â¿CuÃ¡l es el estado mÃ¡s pequeÃ±o de Venezuela?','A',0),(1572,60,2,'La selva pluvial predomina en los estados:','D',0),(1573,60,1,'Â¿CuÃ¡les son los sÃ­mbolos naturales de Venezuela?','D',0),(1574,60,2,'El anÃ¡lisis y revisiÃ³n previa que se realiza para determinar la situaciÃ³n actual de la InstituciÃ³n forma parte del:','C',0),(1575,60,1,'Â¿CuÃ¡ntos municipios tiene el estado MÃ©rida?','B',0),(1576,60,1,'Â¿CuÃ¡l es el medio utilizado para elegir al Contralor Escolar?','A',0),(1577,60,1,'Â¿DÃ³nde queda la Catedral del estado MÃ©rida?','A',0),(1578,60,2,'La CampaÃ±a de Oriente se llevÃ³ a cabo en el aÃ±o:','B',0),(1579,60,1,'Â¿CuÃ¡l es la Capital de Venezuela?','C',0),(1580,60,2,'Â¿QuiÃ©n de estos personajes no es un PrÃ³cer Venezolano?','D',0),(1581,60,2,'Santa Elena de Arenales es la Capital del Municipio:','C',0),(1582,60,1,'Â¿En quÃ© continente se encuentra Venezuela?','B',0),(1583,60,1,'Â¿CuÃ¡l de estos es un requisito para ser miembro de la ContralorÃ­a Escolar?','D',0),(1584,60,2,'En la Ã‰poca Colonial Â¿CÃ³mo se conocÃ­a a la persona que era libre y trabajaba el cultivo de las tierras a cambio del sustento propio y de su familia si la tenÃ­a?','C',0),(1585,60,1,'Â¿CuÃ¡l de estos estados no tiene costas?','D',0),(1586,60,2,'Â¿QuÃ© poderes se establecieron en la ConstituciÃ³n de 1811?','D',0),(1587,60,2,'Â¿CuÃ¡ntas funciones, deberes y obligaciones del Contralor (a) Escolar estÃ¡n establecidas en el Programa?','B',0),(1588,60,2,'El Joropo Caracoleado es un Joropo Andino, su mÃºsica es entonada con diversos instrumentos entre ellos:','D',0),(1589,60,1,'Â¿Con cuÃ¡l de estos estados no limita MÃ©rida?','C',0),(1590,60,1,'Â¿CuÃ¡l de estos es un elemento natural del espacio geogrÃ¡fico?','D',0),(1591,60,2,'El Escudo Nacional fue aprobado por el Congreso en el aÃ±o:','B',0),(1592,60,1,'Â¿QuiÃ©nes participan en la ContralorÃ­a Escolar para la elecciÃ³n de Contralor (a)?','C',0),(1593,60,1,'Â¿CuÃ¡les de estos estados pertenecen a la RegiÃ³n Central?','C',0),(1594,60,1,'Cuando llegÃ³ CristÃ³bal ColÃ³n a AmÃ©rica por primera vez:','A',0),(1595,60,2,'La Equidad significa:','B',0),(1596,60,1,'Â¿CuÃ¡l de estas no es una fecha patria en Venezuela?','D',0),(1597,60,1,'Â¿CuÃ¡l de estos paises no libertÃ³ SimÃ³n BolÃ­var?','B',0),(1598,60,1,'Â¿CuÃ¡l de estos no es un valor y principio de la ContralorÃ­a Escolar?','C',0),(1599,60,1,'Â¿QuÃ© se celebra en la RegiÃ³n el Domingo de ResurrecciÃ³n?','B',0),(1600,60,1,'Â¿CuÃ¡l es el estado mÃ¡s petrolero de Venezuela?','D',0),(1601,60,1,'El zambo nace de la mezcla entre:','C',0),(1602,60,1,'Â¿QuiÃ©n es el encargado de coordinar las postulaciones de los estudientes para la elecciÃ³n?','D',0),(1603,60,1,'Â¿CuÃ¡ntas estrellas tiene la Bandera de Venezuela?','B',0),(1604,60,1,'Â¿QuiÃ©n es el Contralor del estado MÃ©rida?','C',0),(1605,60,1,'Â¿En quÃ© fecha se conmemora la Muerte del Libertador?','D',0),(1606,60,1,'Â¿CÃ³mo se llama la caÃ­da de agua mÃ¡s alta del mundo ubicada en nuestro paÃ­s?','B',0),(1607,60,1,'El Programa de ContralorÃ­a Escolar estÃ¡ dirigido a niÃ±os, niÃ±as y adolescentes de:','A',0),(1608,60,1,'Â¿CuÃ¡l de estos recursos no es renovable?','D',0),(1609,60,1,'En quÃ© aÃ±o se le devolviÃ³ la octava estrella a la Bandera de Venezuela:','A',0),(1610,60,1,'Â¿CuÃ¡l de estas opciones pertenece al perfil para ser miembro de la ContralorÃ­a Escolar?','C',0),(1611,60,1,'Â¿CuÃ¡ntos principios y valores se encuentran establecidos en el Programa de ContralorÃ­a Escolar?','C',0),(1612,60,1,'SimÃ³n BolÃ­var era un blanco:','D',0),(1613,60,2,'Â¿En quÃ© estado se encuentra el Tocuyo?','A',0),(1614,60,1,'Â¿En quÃ© pueblo se encuentra la Capilla de Piedra?','C',0),(1615,60,2,'Â¿CuÃ¡l es la instituciÃ³n que se encargaba del gobierno municipal de las ciudades o pueblos?','C',0),(1616,60,2,'La Represa La Vueltosa se encuentra en el Municipio:','D',0),(1617,60,2,'La BahÃ­a de Mochima estÃ¡ ubicada en el estado:','A',0),(1618,60,1,'Tucupita es la capital del estado:','B',0),(1619,60,1,'Â¿CuÃ¡ntas naciones libertÃ³ SimÃ³n BolÃ­var?','B',0),(1620,60,2,'Â¿La Capilla de Piedra ubicada en San Rafael de MucuchÃ­es fue creada por el artista?','C',0),(1621,60,2,'Â¿En quÃ© aÃ±o se fundÃ³ la OPEP?','B',0),(1622,60,2,'El RÃ­o Negro estÃ¡ ubicado en el estado:','C',0),(1623,60,2,'La Gran Colombia se constituyÃ³ con los departamentos de:','A',0),(1624,60,1,'Â¿CuÃ¡les son los colores de la Bandera del estado MÃ©rida?','A',0),(1625,60,2,'Â¿CuÃ¡l es la extensiÃ³n superficial que tiene Venezuela?','C',0),(1626,60,2,'Â¿QuiÃ©n fundÃ³ la ciudad de MÃ©rida?','A',0),(1627,60,1,'Â¿CuÃ¡l es el Pico mÃ¡s alto de Venezuela?','C',0),(1628,60,1,'La Universidad de Los Andes se conoce como:','C',0),(1629,60,2,'Â¿En que fecha fue decretada la canciÃ³n patriÃ³tica Gloria al Bravo Pueblo como Himno Nacional de Venezuela?','A',0),(1630,60,1,'Â¿En quÃ© fecha se firma el Acta de Independencia de Venezuela?','B',0),(1631,60,2,'Â¿CuÃ¡l de estos es el estado mÃ¡s grande de Venezuela?','A',0),(1632,60,2,'En la Cultura merideÃ±a se conoce la Leyenda del Cacique MurachÃ­ y la India:','C',0),(1633,60,1,'Â¿CuÃ¡l es la capital del estado MÃ©rida?','C',0),(1634,60,1,'El 24 de julio de 1783 es el Natalicio de:','C',0),(1635,60,1,'Â¿CuÃ¡ntos estados tiene Venezuela (sin el Distrito Capital)?','A',0),(1636,60,2,'Â¿En quÃ© fecha se instalÃ³ el primer Congreso de Venezuela?','B',0),(1637,60,2,'Â¿CuÃ¡l es el municipio mÃ¡s poblado del estado MÃ©rida?','A',0),(1638,60,1,'La unidad de medida del tiempo conocida como un quinquenio equivale a:','C',0),(1639,60,1,'Â¿DÃ³nde estÃ¡ ubicada la estatua de la Loca Luz Caraballo?','A',0),(1640,60,2,'Â¿QuÃ© instituciÃ³n econÃ³mica se encargaba de recaudar y controlar los ingresos que la Corona EspaÃ±ola recibÃ­a de sus colonias americanas?','C',0),(1641,60,1,'La parroquia JajÃ­ pertenece al municipio:','B',0),(1642,60,2,'BolÃ­var emprendiÃ³ la CampaÃ±a Admirable acompaÃ±ado por:','A',0),(1643,60,1,'Â¿CuÃ¡l es el baile tÃ­pico de la regiÃ³n merideÃ±a?','D',0),(1644,60,2,'Â¿En quÃ© aÃ±o se inaugurÃ³ la Biblioteca Bolivariana?','B',0),(1645,60,1,'Â¿CuÃ¡l es el instrumento que los hombres inventaron para saber dÃ³nde estÃ¡ el norte, sur, este y oeste?','C',0),(1646,60,1,'En la Venezuela Agraria, el cafÃ© desplazÃ³ al:','A',0),(1647,60,1,'Â¿QuÃ© se celebra el 8 de diciembre en MucurubÃ¡, estado MÃ©rida?','C',0),(1648,60,1,'El cafÃ© fue traÃ­do a Venezuela por los:','C',0),(1649,60,2,'El arte y la tÃ©cnica de hacer mapas geogrÃ¡ficos se conoce como:','C',0),(1650,60,1,'El 12 de octubre se celebra el dÃ­a de:','B',0),(1651,60,1,'Â¿CuÃ¡l de estos no es un mito y leyenda del estado MÃ©rida?','C',0),(1652,60,2,'El conflicto conocido como el caracazo fue el:','B',0),(1653,60,2,'Â¿CuÃ¡l es el mamÃ­fero mÃ¡s grande de Venezuela?','B',0),(1654,60,1,'Â¿QuÃ© Oficina de la ContralorÃ­a del estado se encarga de elaborar todo el material relacionado con el proceso de elecciÃ³n de los miembros de la ContralorÃ­a Escolar?','C',0),(1655,60,1,'Â¿En quÃ© estado se encuentra el Monumento a la Virgen de La Paz?','C',0),(1656,60,1,'Â¿CuÃ¡l de estas no es una vivienda indÃ­gena?','D',0),(1657,60,1,'Las Velas de MucurubÃ¡ se celebran en honor a la Virgen de:','C',0),(1658,60,1,'Â¿En cuÃ¡l de estos estados no se cultiva el CafÃ©? ','C',0),(1659,60,2,'El suplir las ausencias temporales o absolutas del Contralor (a) Escolar es una funciÃ³n de:','B',0),(1660,60,1,'Pedro Camejo era conocido como:','A',0),(1661,60,2,'Â¿CuÃ¡l es el rÃ­o mas extenso de Venezuela?','D',0),(1662,60,1,'Â¿CuÃ¡l de estos estados son vecinos?','B',0),(1663,60,1,'MÃ©rida se conoce con el apelativo de:','B',0),(1664,60,2,'El Programa de ContralorÃ­a Escolar es un proyecto pedagÃ³gico, educativo y formativo en materia de:','B',0),(1665,60,2,'El Parque Las HeroÃ­nas, fue construido en honor a las mujeres que lucharon junto al Libertador durante la Guerra de Independencia. Â¿CuÃ¡ntas HeroÃ­nas eran?:','D',0),(1666,60,2,'La poblaciÃ³n indÃ­gena los Chibchas ocuparon la regiÃ³n:','D',0),(1667,60,2,'Â¿CuÃ¡ntas estrofas tiene el Himno del estado MÃ©rida?','D',0),(1668,60,2,'Â¿En quÃ© aÃ±o falleciÃ³ Francisco de Miranda?','B',0),(1669,60,1,'Â¿CuÃ¡ntos Informes se deben realizar para dar a conocer las situaciones que se presentan en su plantel?','B',0),(1670,60,1,'Â¿CuÃ¡l es el Parque Nacional que se encuentra en el estado BolÃ­var?','C',0),(1671,60,1,'Â¿QuÃ© se celebra en el estado MÃ©rida durante el mes de Febrero?','A',0),(1672,60,1,'Â¿QuiÃ©n izÃ³ por primera vez en su buque una Bandera Tricolor?','D',0),(1673,60,2,'En los pueblos indÃ­genas el Piache o Shaman se encarga de:','B',0),(1674,60,1,'La ComisiÃ³n Electoral deberÃ¡ estar intergrada por un nÃºmero impar de miembros preferiblemente de:','C',0),(1675,60,1,'Â¿En quÃ© ciudad de Venezuela se encuentra el telefÃ©rico mÃ¡s alto del Mundo?','C',0),(1676,60,1,'El frailejÃ³n es una planta tÃ­pica del:','D',0),(1677,60,1,'La letra del Himno Nacional se le atribuye a:','D',0),(1678,60,2,'El Pez Caribe es mejor conocido por los indÃ­genas como:','A',0),(1679,60,1,'Â¿Por cuÃ¡l de estos estados no pasa el RÃ­o Orinoco?','A',0),(1680,60,1,'Â¿En quÃ© ciudad naciÃ³ Antonio JosÃ© de Sucre?','C',0),(1681,60,2,'Â¿Con cuÃ¡l de estos paÃ­ses Venezuela no comparte fronteras terrestres?','C',0),(1682,60,2,'La Gasolina es un derivado del:','C',0),(1683,60,2,'Â¿CuÃ¡l es la extensiÃ³n territorial del estado MÃ©rida?','B',0),(1684,60,2,'Â¿CÃ³mo se denomina el canal por donde pasan las aguas de un rÃ­o?','B',0),(1685,60,2,'Â¿CuÃ¡l de estos estados no tuvo lugar en la Guerra Federal de 1859-1863?','A',0),(1686,60,2,'La realizaciÃ³n de seguimientos a los Informes de DiagnÃ³stico, Preliminar y Definitivo presentados por los Contralores Escolares forma parte de:','D',0),(1687,60,2,'Â¿En cuantas regiones se divide el Territorio Venezolano?','C',0),(1688,60,2,'Â¿En cuÃ¡l de estos documentos explicÃ³ BolÃ­var los factores de la caÃ­da de la Primera RepÃºblica?','C',0),(1689,60,1,'El 03 de febrero de 1795, naciÃ³ en la Ciudad de CumanÃ¡:','B',0),(1690,60,2,'Â¿En quÃ© fecha se instalÃ³ el Congreso de Angostura?','C',0),(1691,60,1,'La funciÃ³n de facilitar espacios fÃ­sicos, materiales y equipos de oficina, necesarios para los integrantes de la ContralorÃ­a Escolar depende de:','A',0),(1692,60,1,'Â¿CuÃ¡l es el Cacique de Venezuela que se conoce como sÃ­mbolo de la resistencia IndÃ­gena?','C',0),(1693,60,1,'Es la cantidad del vapor de agua que contiene la atmÃ³sfera que proviene de la evaporaciÃ³n de los rÃ­os, mares y de la transpiraciÃ³n de la vegetaciÃ³n:','D',0),(1694,60,1,'Â¿CuÃ¡l fue el primer Parque TemÃ¡tico creado por Alexis Montilla en el estado MÃ©rida?','B',0),(1695,60,1,'SimÃ³n BolÃ­var naciÃ³ en la ciudad de:','D',0),(1696,60,1,'Las diversas formas de terreno como montaÃ±as, llanuras, valles, se denominan:','C',0),(1697,60,1,'Â¿CuÃ¡les de estos dulces son tÃ­picos del estado MÃ©rida?','C',0),(1698,60,1,'Â¿CuÃ¡l de estas son funciones de la ContralorÃ­a Escolar?','D',0),(1699,60,1,'Â¿CuÃ¡l de estos estados no pertenece a la regiÃ³n andina?','A',0),(1700,60,1,'El plato tÃ­pico que contiene los siguientes ingredientes: caldo de res, aliÃ±ado con cilantro, cebolla, junco, ajo, huevos, leche y arepa desmenuzada se conoce como:','B',0),(1701,60,2,'Â¿CuÃ¡ntos aÃ±os duro el Gobierno de Juan Vicente GÃ³mez?','C',0),(1702,60,2,'Â¿CuÃ¡l es el estado que se encuentra mÃ¡s al sur de Venezuela?','D',0),(1703,60,2,'Â¿CuÃ¡l es el rÃ­o que atraviesa la ciudad de MÃ©rida?','C',0),(1704,60,2,'Â¿En quÃ© aÃ±o el Congreso aprobÃ³ la Ley que prohibiÃ³ la esclavitud en el PaÃ­s?','B',0),(1705,60,2,'Â¿CuÃ¡les de estos estados no tienen salida al mar?','C',0),(1706,60,2,'El Parque de la india CarÃº queda en:','B',0),(1707,60,1,'Â¿QuÃ© VegetaciÃ³n predomina en el estado MÃ©rida?','A',0),(1708,60,1,'La Catedral de MÃ©rida se conoce como:','A',0),(1709,60,2,'Â¿En quÃ© fecha fue fundada la ciudad de MÃ©rida?','A',0),(1710,60,2,'Â¿La heroÃ­na Luisa CÃ¡ceres de Arismendi naciÃ³ en el aÃ±o?','B',0),(1711,60,2,'Â¿CuÃ¡l es el Ã¡rbol emblemÃ¡tico del estado MÃ©rida?','A',0),(1712,60,2,'Los estados BolÃ­var y Amazonas, con cuÃ¡l de estos paÃ­ses limitan:','C',0),(1713,60,1,'Â¿En quÃ© lugar de MÃ©rida se celebra la pasiÃ³n viviente en semana santa mÃ¡s popular?','C',0),(1714,60,1,'Â¿En quÃ© fecha se celebra las fiestas de San Isidro Labrador en Lagunillas?','C',0),(1715,60,2,'El Puente Rafael Urdaneta se encuentra en el estado:','C',0),(1716,60,2,'Â¿CuÃ¡l de estas prendas conforman el traje tÃ­pico de los hombres de la RegiÃ³n?','A',0),(1717,60,2,'Â¿CuÃ¡l de estas actividades no realizaban las mujeres en la poblaciÃ³n indÃ­gena?','A',0),(1718,60,2,'Â¿CuÃ¡l de estos animales es activo en la noche?','A',0),(1719,60,2,'Â¿CuÃ¡l de estas no es una ceremonia indÃ­gena?','D',0),(1720,60,1,'Â¿En quÃ© estado se encuentra el Santuario de Nuestra SeÃ±ora de Coromoto?','D',0),(1721,60,2,'Â¿CuÃ¡l de estas ciudades se fundÃ³ en 1558?','C',0),(1722,60,1,'El Parque TemÃ¡tico la MontaÃ±a de los SueÃ±os queda en el pueblo de:','B',0),(1723,60,2,'Â¿QuiÃ©n fue presidente de Venezuela en el perÃ­odo de 1979-1984?','C',0),(1724,60,1,'La primera actividad econÃ³mica que se desarrollÃ³ durante la Colonia fue:','C',0),(1725,60,1,'Â¿CuÃ¡les son los platos tÃ­picos del estado MÃ©rida?','A',0),(1726,60,2,'La cuenca que comprende todos los rÃ­os que se localizan al norte de Venezuela se conoce como:','B',0),(1727,60,2,'Â¿CuÃ¡ndo se izÃ³ por primera vez la Bandera Tricolor en tierras Venezolanas?','C',0),(1728,60,1,'Â¿En quÃ© fecha se celebra la fiesta de San Benito en el estado MÃ©rida?','A',0),(1729,60,1,'Â¿QuÃ© come el Cunaguaro?','A',0),(1730,60,1,'Â¿CÃ³mo se llama la HeladerÃ­a que tiene mÃ¡s de 1000 sabores y estÃ¡ en la ciudad de MÃ©rida?','C',0),(1731,60,2,'Â¿CuÃ¡l es el municipio mÃ¡s grande del estado MÃ©rida?','A',0),(1732,60,2,'El estado Nueva Esparta estÃ¡ integrado por tres islas que son:','C',0),(1733,60,2,'El Himno del estado MÃ©rida tiene 12 estrofas pero solo se entonan:','A',0),(1734,60,2,'Â¿En quÃ© aÃ±o SimÃ³n BolÃ­var escribiÃ³ el Manifiesto de Cartagena?','A',0),(1735,60,1,'Â¿CuÃ¡ntos tramos tiene el telefÃ©rico?','B',0),(1736,60,1,'Â¿CuÃ¡les son los principales estados Petroleros?','B',0),(1737,60,1,'El Parque Nacional MÃ©danos de Coro se encuentra en:','D',0),(1738,60,1,'Â¿CÃ³mo se llama la primera estaciÃ³n del TelefÃ©rico en MÃ©rida?','B',0),(1739,60,1,'SimÃ³n BolÃ­var falleciÃ³ en la ciudad de:','B',0),(1740,60,1,'El oso de los anteojos es conocido tambiÃ©n como:','A',0),(1741,60,1,'Â¿QuiÃ©n fue presidente de Venezuela en el perÃ­odo de                               1999-2013?','B',0),(1742,60,1,'El 02 de febrero del aÃ±o 1999 fue juramentado como Presidente de la RepÃºblica de Venezuela:','D',0),(1743,60,1,'El Padre de la Patria es:','D',0),(1744,60,1,'Â¿CuÃ¡l de estos no es un municipio del estado MÃ©rida?','B',0),(1745,60,1,'Â¿CÃ³mo se llama el Parque Nacional del estado MÃ©rida?','B',0),(1746,60,1,'El Parque Nacional Morrocoy se encuentra en el estado:','D',0),(1747,60,1,'Â¿En quÃ© UrbanizaciÃ³n queda el Parque Beethoven?','A',0),(1748,60,1,'Â¿CuÃ¡l es el ave que representa el estado MÃ©rida?','B',0),(1749,60,1,'La PoblaciÃ³n El Tigre pertenece al estado:','C',0),(1750,60,1,'Â¿CuÃ¡l es el sÃ­mbolo en color rojo que tiene la Bandera del estado MÃ©rida?','B',0),(1751,60,1,'Â¿En quÃ© municipio del estado MÃ©rida se encuentra el Santo NiÃ±o de La Cuchilla?','B',0),(1752,60,1,'Â¿QuÃ© nombre recibe el Pico que siempre estÃ¡ nevado en la Cordillera Andina de Venezuela?','D',0);
/*!40000 ALTER TABLE `preguntas` ENABLE KEYS */;
UNLOCK TABLES;

--
-- Table structure for table `respuestas`
--

DROP TABLE IF EXISTS `respuestas`;
/*!40101 SET @saved_cs_client     = @@character_set_client */;
/*!40101 SET character_set_client = utf8 */;
CREATE TABLE `respuestas` (
  `id` int(11) NOT NULL AUTO_INCREMENT,
  `equipo_id` int(11) NOT NULL,
  `pregunta_id` int(11) NOT NULL,
  `ronda_id` int(11) NOT NULL DEFAULT '1',
  `respuesta` enum('A','B','C','D') DEFAULT NULL,
  `es_correcta` tinyint(1) NOT NULL DEFAULT '0',
  `fase` varchar(1) NOT NULL,
  PRIMARY KEY (`id`),
  KEY `fk_respuestas_equipos1_idx` (`equipo_id`),
  KEY `fk_respuestas_preguntas1_idx` (`pregunta_id`),
  KEY `fk_respuestas_rondas1_idx` (`ronda_id`),
  CONSTRAINT `fk_respuestas_equipos1` FOREIGN KEY (`equipo_id`) REFERENCES `equipos` (`id`) ON DELETE CASCADE ON UPDATE CASCADE,
  CONSTRAINT `fk_respuestas_preguntas1` FOREIGN KEY (`pregunta_id`) REFERENCES `preguntas` (`id`) ON DELETE CASCADE ON UPDATE CASCADE,
  CONSTRAINT `fk_respuestas_rondas1` FOREIGN KEY (`ronda_id`) REFERENCES `rondas` (`id`) ON DELETE CASCADE ON UPDATE CASCADE
) ENGINE=InnoDB AUTO_INCREMENT=33 DEFAULT CHARSET=utf8;
/*!40101 SET character_set_client = @saved_cs_client */;

--
-- Dumping data for table `respuestas`
--

LOCK TABLES `respuestas` WRITE;
/*!40000 ALTER TABLE `respuestas` DISABLE KEYS */;
/*!40000 ALTER TABLE `respuestas` ENABLE KEYS */;
UNLOCK TABLES;

--
-- Table structure for table `rondas`
--

DROP TABLE IF EXISTS `rondas`;
/*!40101 SET @saved_cs_client     = @@character_set_client */;
/*!40101 SET character_set_client = utf8 */;
CREATE TABLE `rondas` (
  `id` int(11) NOT NULL AUTO_INCREMENT,
  `nombre` varchar(100) NOT NULL,
  PRIMARY KEY (`id`)
) ENGINE=InnoDB AUTO_INCREMENT=3 DEFAULT CHARSET=utf8;
/*!40101 SET character_set_client = @saved_cs_client */;

--
-- Dumping data for table `rondas`
--

LOCK TABLES `rondas` WRITE;
/*!40000 ALTER TABLE `rondas` DISABLE KEYS */;
INSERT INTO `rondas` VALUES (1,'Eliminatoria'),(2,'Final');
/*!40000 ALTER TABLE `rondas` ENABLE KEYS */;
UNLOCK TABLES;

--
-- Table structure for table `torneos`
--

DROP TABLE IF EXISTS `torneos`;
/*!40101 SET @saved_cs_client     = @@character_set_client */;
/*!40101 SET character_set_client = utf8 */;
CREATE TABLE `torneos` (
  `id` int(11) NOT NULL AUTO_INCREMENT,
  `nombre` text NOT NULL,
  `activo` tinyint(1) NOT NULL DEFAULT '1',
  `iniciado` tinyint(1) NOT NULL DEFAULT '0',
  `ronda_id` int(11) NOT NULL,
  `created` datetime DEFAULT NULL,
  PRIMARY KEY (`id`),
  KEY `fk_torneos_rondas1_idx` (`ronda_id`),
  CONSTRAINT `fk_torneos_rondas1` FOREIGN KEY (`ronda_id`) REFERENCES `rondas` (`id`) ON DELETE CASCADE ON UPDATE CASCADE
) ENGINE=InnoDB AUTO_INCREMENT=61 DEFAULT CHARSET=utf8;
/*!40101 SET character_set_client = @saved_cs_client */;

--
-- Dumping data for table `torneos`
--

LOCK TABLES `torneos` WRITE;
/*!40000 ALTER TABLE `torneos` DISABLE KEYS */;
INSERT INTO `torneos` VALUES (60,'Este es un torneo de pruebas',1,0,1,'2014-06-02 13:16:52');
/*!40000 ALTER TABLE `torneos` ENABLE KEYS */;
UNLOCK TABLES;
/*!40103 SET TIME_ZONE=@OLD_TIME_ZONE */;

/*!40101 SET SQL_MODE=@OLD_SQL_MODE */;
/*!40014 SET FOREIGN_KEY_CHECKS=@OLD_FOREIGN_KEY_CHECKS */;
/*!40014 SET UNIQUE_CHECKS=@OLD_UNIQUE_CHECKS */;
/*!40101 SET CHARACTER_SET_CLIENT=@OLD_CHARACTER_SET_CLIENT */;
/*!40101 SET CHARACTER_SET_RESULTS=@OLD_CHARACTER_SET_RESULTS */;
/*!40101 SET COLLATION_CONNECTION=@OLD_COLLATION_CONNECTION */;
/*!40111 SET SQL_NOTES=@OLD_SQL_NOTES */;

-- Dump completed on 2014-06-05 15:27:24
